Pais,Anio,Escolaridad,Relacion_salarial
Bolivia,2001,13 años y más,77.2
Bolivia,2001,6 a 9 años,65
Bolivia,2001,Total,86.1
Bolivia,2002,0 a 5 años,67.1
Bolivia,2002,10 a 12 años,69.8
Bolivia,2002,13 años y más,60.9
Bolivia,2002,6 a 9 años,90.6
Bolivia,2002,Total,71.8
Bolivia,2004,0 a 5 años,73
Bolivia,2004,10 a 12 años,73.4
Bolivia,2004,13 años y más,74.9
Bolivia,2004,6 a 9 años,68.7
Bolivia,2004,Total,80.5
Bolivia,2005,0 a 5 años,71.6
Bolivia,2005,10 a 12 años,67.7
Bolivia,2005,13 años y más,69.5
Bolivia,2005,6 a 9 años,62.3
Bolivia,2005,Total,82.8
Bolivia,2006,0 a 5 años,66.5
Bolivia,2006,10 a 12 años,69.6
Bolivia,2006,13 años y más,54.7
Bolivia,2006,6 a 9 años,64.3
Bolivia,2006,Total,68.9
Bolivia,2007,0 a 5 años,67.9
Bolivia,2007,10 a 12 años,68.2
Bolivia,2007,13 años y más,71
Bolivia,2007,6 a 9 años,70.1
Bolivia,2007,Total,76.7
Bolivia,2008,0 a 5 años,64.5
Bolivia,2008,10 a 12 años,65.2
Bolivia,2008,13 años y más,70.3
Bolivia,2008,6 a 9 años,59.9
Bolivia,2008,Total,70.4
Bolivia,2009,0 a 5 años,67.3
Bolivia,2009,10 a 12 años,72.5
Bolivia,2009,13 años y más,81
Bolivia,2009,6 a 9 años,62.1
Bolivia,2009,Total,78.9
Bolivia,2011,0 a 5 años,64.6
Bolivia,2011,10 a 12 años,63.9
Bolivia,2011,13 años y más,78.2
Bolivia,2011,6 a 9 años,68.8
Bolivia,2011,Total,77.7
Bolivia,2012,0 a 5 años,55.9
Bolivia,2012,10 a 12 años,60
Bolivia,2012,13 años y más,81.5
Bolivia,2012,6 a 9 años,50.2
Bolivia,2012,Total,75.1
Bolivia,2013,0 a 5 años,62.4
Bolivia,2013,10 a 12 años,66.5
Bolivia,2013,13 años y más,78.6
Bolivia,2013,6 a 9 años,54.9
Bolivia,2013,Total,76.7
Bolivia,2014,0 a 5 años,61.8
Bolivia,2014,10 a 12 años,65
Bolivia,2014,13 años y más,81.2
Bolivia,2014,6 a 9 años,60.9
Bolivia,2014,Total,77.1
Bolivia,2015,0 a 5 años,61.2
Bolivia,2015,10 a 12 años,69.6
Bolivia,2015,13 años y más,88.8
Bolivia,2015,6 a 9 años,66
Bolivia,2015,Total,84.4
Bolivia,2016,0 a 5 años,64.4
Bolivia,2016,10 a 12 años,72.2
Bolivia,2016,13 años y más,78.3
Bolivia,2016,6 a 9 años,63.1
Bolivia,2016,Total,78.2
Bolivia,2017,0 a 5 años,64
Bolivia,2017,10 a 12 años,74.6
Bolivia,2017,13 años y más,80.7
Bolivia,2017,6 a 9 años,67.3
Bolivia,2017,Total,81.3
Bolivia,2018,0 a 5 años,67.8
Bolivia,2018,10 a 12 años,74.8
Bolivia,2018,13 años y más,87.5
Bolivia,2018,6 a 9 años,74.8
Bolivia,2018,Total,85.9
Bolivia,2019,0 a 5 años,68.3
Bolivia,2019,10 a 12 años,71.2
Bolivia,2019,13 años y más,85
Bolivia,2019,6 a 9 años,64.7
Bolivia,2019,Total,82.1
Bolivia,2020,0 a 5 años,73.8
Bolivia,2020,10 a 12 años,75.7
Bolivia,2020,13 años y más,91.4
Bolivia,2020,6 a 9 años,68
Bolivia,2020,Total,91
Bolivia,2021,0 a 5 años,63.6
Bolivia,2021,10 a 12 años,70.6
Bolivia,2021,13 años y más,84.7
Bolivia,2021,6 a 9 años,70.2
Bolivia,2021,Total,86.5
Bolivia,2022,0 a 5 años,67.1
Bolivia,2022,10 a 12 años,74.3
Bolivia,2022,13 años y más,83.1
Bolivia,2022,6 a 9 años,69.7
Bolivia,2022,Total,84.6
Bolivia,2023,0 a 5 años,71.2
Bolivia,2023,10 a 12 años,73.9
Bolivia,2023,13 años y más,85.1
Bolivia,2023,6 a 9 años,85.8
Bolivia,2023,Total,86.4
Brasil,2001,0 a 5 años,67.3
Chile,2017,Total,86.1
Chile,2020,0 a 5 años,90.5
Chile,2020,10 a 12 años,80.3
Chile,2020,13 años y más,77
Chile,2020,6 a 9 años,91.5
Chile,2020,Total,84.9
Chile,2022,0 a 5 años,95.8
Chile,2022,10 a 12 años,80.1
Chile,2022,13 años y más,76.7
Chile,2022,6 a 9 años,82.7
Chile,2022,Total,84
Colombia,2002,0 a 5 años,95.4
Ecuador,2018,13 años y más,86.8
Ecuador,2018,6 a 9 años,81.2
Ecuador,2018,Total,97.9
Ecuador,2019,0 a 5 años,105.3
Ecuador,2019,10 a 12 años,82.6
Ecuador,2019,13 años y más,87.9
Ecuador,2019,6 a 9 años,87.9
Ecuador,2019,Total,100
Ecuador,2020,0 a 5 años,92.8
Ecuador,2020,10 a 12 años,88.3
Ecuador,2020,13 años y más,87.3
Ecuador,2020,6 a 9 años,85.4
Ecuador,2020,Total,106.8
Ecuador,2021,0 a 5 años,105.3
Ecuador,2021,10 a 12 años,88.3
Ecuador,2021,13 años y más,88.9
Ecuador,2021,6 a 9 años,90.5
Ecuador,2021,Total,103.4
Ecuador,2022,0 a 5 años,92.7
Ecuador,2022,10 a 12 años,87.9
Ecuador,2022,13 años y más,88.5
Ecuador,2022,6 a 9 años,85.5
Ecuador,2022,Total,100.8
Ecuador,2023,0 a 5 años,94.5
Ecuador,2023,10 a 12 años,89.3
Ecuador,2023,13 años y más,93
Ecuador,2023,6 a 9 años,88.9
Ecuador,2023,Total,104.6
Ecuador,2024,0 a 5 años,83.2
Ecuador,2024,10 a 12 años,86.3
Ecuador,2024,13 años y más,91.4
Ecuador,2024,6 a 9 años,90
Ecuador,2024,Total,99.4
El Salvador,2000,0 a 5 años,80.6
El Salvador,2000,10 a 12 años,84
El Salvador,2000,13 años y más,82.9
El Salvador,2000,6 a 9 años,79.7
El Salvador,2000,Total,86.3
El Salvador,2001,0 a 5 años,76.4
El Salvador,2001,10 a 12 años,87.1
El Salvador,2001,13 años y más,79.8
El Salvador,2001,6 a 9 años,75.5
El Salvador,2001,Total,87.5
El Salvador,2002,0 a 5 años,83.8
El Salvador,2002,10 a 12 años,89.9
El Salvador,2002,13 años y más,72.3
El Salvador,2002,6 a 9 años,77.7
El Salvador,2002,Total,84
El Salvador,2003,0 a 5 años,83.3
El Salvador,2003,10 a 12 años,86
El Salvador,2003,13 años y más,82
El Salvador,2003,6 a 9 años,74.7
El Salvador,2003,Total,86.6
El Salvador,2004,0 a 5 años,84.2
El Salvador,2004,10 a 12 años,79.2
El Salvador,2004,13 años y más,90.9
El Salvador,2004,6 a 9 años,73.6
El Salvador,2004,Total,89.5
El Salvador,2005,0 a 5 años,79.4
El Salvador,2005,10 a 12 años,90.7
El Salvador,2005,13 años y más,79.9
El Salvador,2005,6 a 9 años,80.7
El Salvador,2005,Total,87.5
El Salvador,2006,0 a 5 años,97.6
El Salvador,2006,10 a 12 años,82
El Salvador,2006,13 años y más,75
El Salvador,2006,6 a 9 años,78.8
El Salvador,2006,Total,87.3
El Salvador,2007,0 a 5 años,82.5
El Salvador,2007,10 a 12 años,89.9
El Salvador,2007,13 años y más,79.8
El Salvador,2007,6 a 9 años,79.5
El Salvador,2007,Total,87.6
El Salvador,2009,0 a 5 años,88.2
El Salvador,2009,10 a 12 años,82.4
El Salvador,2009,13 años y más,87.4
El Salvador,2009,6 a 9 años,83.9
El Salvador,2009,Total,93.9
El Salvador,2010,0 a 5 años,89.4
El Salvador,2010,10 a 12 años,85.4
El Salvador,2010,13 años y más,89.3
El Salvador,2010,6 a 9 años,81.4
El Salvador,2010,Total,94.7
El Salvador,2012,0 a 5 años,89.2
El Salvador,2012,10 a 12 años,81.6
El Salvador,2012,13 años y más,79
El Salvador,2012,6 a 9 años,86.8
El Salvador,2012,Total,88.1
El Salvador,2013,0 a 5 años,94.4
El Salvador,2013,10 a 12 años,90
El Salvador,2013,13 años y más,105.7
El Salvador,2013,6 a 9 años,87.3
El Salvador,2013,Total,103.6
El Salvador,2014,0 a 5 años,86.9
El Salvador,2014,10 a 12 años,88.8
El Salvador,2014,13 años y más,94.8
El Salvador,2014,6 a 9 años,85.9
El Salvador,2014,Total,96.1
El Salvador,2015,0 a 5 años,89.4
El Salvador,2015,10 a 12 años,87.8
El Salvador,2015,13 años y más,87.6
El Salvador,2015,6 a 9 años,84.1
El Salvador,2015,Total,94.6
El Salvador,2016,0 a 5 años,91.6
El Salvador,2016,10 a 12 años,86.9
El Salvador,2016,13 años y más,92
El Salvador,2016,6 a 9 años,83.7
El Salvador,2016,Total,92.3
El Salvador,2017,0 a 5 años,90
El Salvador,2017,10 a 12 años,87
El Salvador,2017,13 años y más,95.6
El Salvador,2017,6 a 9 años,89.3
El Salvador,2017,Total,95.2
El Salvador,2018,0 a 5 años,89.8
El Salvador,2018,10 a 12 años,87.4
El Salvador,2018,13 años y más,89.5
El Salvador,2018,6 a 9 años,89.4
El Salvador,2018,Total,93.4
El Salvador,2019,0 a 5 años,85.6
El Salvador,2019,10 a 12 años,88.5
El Salvador,2019,13 años y más,99.1
El Salvador,2019,6 a 9 años,88.6
El Salvador,2019,Total,97.2
El Salvador,2020,0 a 5 años,91.2
El Salvador,2020,10 a 12 años,87.6
El Salvador,2020,13 años y más,96.6
El Salvador,2020,6 a 9 años,78.1
El Salvador,2020,Total,94.9
El Salvador,2021,0 a 5 años,87.1
El Salvador,2021,10 a 12 años,88.1
El Salvador,2021,13 años y más,90.1
El Salvador,2021,6 a 9 años,85.8
El Salvador,2021,Total,93.3
El Salvador,2022,0 a 5 años,89.2
El Salvador,2022,10 a 12 años,91.2
El Salvador,2022,13 años y más,97.1
El Salvador,2022,6 a 9 años,86.4
El Salvador,2022,Total,96
El Salvador,2023,0 a 5 años,76.6
El Salvador,2023,10 a 12 años,86.4
El Salvador,2023,13 años y más,96.3
El Salvador,2023,6 a 9 años,83.5
El Salvador,2023,Total,94.5
Guatemala,2000,0 a 5 años,90.2
Guatemala,2000,10 a 12 años,78.3
Guatemala,2000,13 años y más,57.4
Guatemala,2000,6 a 9 años,78.1
Guatemala,2000,Total,72.4
Guatemala,2006,0 a 5 años,101.8
Guatemala,2006,10 a 12 años,81.2
Guatemala,2006,13 años y más,63
Guatemala,2006,6 a 9 años,74.5
Guatemala,2006,Total,82.9
Guatemala,2014,0 a 5 años,81.4
Guatemala,2014,10 a 12 años,115.2
Guatemala,2014,13 años y más,73.6
Guatemala,2014,6 a 9 años,75.1
Guatemala,2014,Total,102.6
Guatemala,2023,0 a 5 años,66.8
Guatemala,2023,10 a 12 años,88
Guatemala,2023,13 años y más,82.3
Guatemala,2023,6 a 9 años,66.3
Guatemala,2023,Total,89.1
Honduras,2001,0 a 5 años,84.1
Nicaragua,2005,13 años y más,71.3
Nicaragua,2005,6 a 9 años,76
Nicaragua,2005,Total,87.3
Nicaragua,2009,0 a 5 años,94.4
Nicaragua,2009,10 a 12 años,79.9
Nicaragua,2009,13 años y más,77.7
Nicaragua,2009,6 a 9 años,80.2
Nicaragua,2009,Total,89.1
Nicaragua,2014,0 a 5 años,89.4
Nicaragua,2014,10 a 12 años,77.9
Nicaragua,2014,13 años y más,74.2
Nicaragua,2014,6 a 9 años,80.5
Nicaragua,2014,Total,89.2
Panamá,2000,0 a 5 años,116.5
Uruguay,2011,6 a 9 años,65
Uruguay,2011,Total,83.8
Uruguay,2012,0 a 5 años,67
Uruguay,2012,10 a 12 años,73.5
Uruguay,2012,13 años y más,80
Uruguay,2012,6 a 9 años,64.8
Uruguay,2012,Total,84.1
Uruguay,2013,0 a 5 años,64
Uruguay,2013,10 a 12 años,74.7
Uruguay,2013,13 años y más,78.6
Uruguay,2013,6 a 9 años,65.7
Uruguay,2013,Total,83.8
Uruguay,2014,0 a 5 años,62
Uruguay,2014,10 a 12 años,74.3
Uruguay,2014,13 años y más,79.3
Uruguay,2014,6 a 9 años,66.6
Uruguay,2014,Total,84.3
Uruguay,2015,0 a 5 años,66.3
Uruguay,2015,10 a 12 años,75.5
Uruguay,2015,13 años y más,76.9
Uruguay,2015,6 a 9 años,67.9
Uruguay,2015,Total,84.2
Uruguay,2016,0 a 5 años,75.6
Uruguay,2016,10 a 12 años,76.3
Uruguay,2016,13 años y más,78.7
Uruguay,2016,6 a 9 años,69.7
Uruguay,2016,Total,85.5
Uruguay,2017,0 a 5 años,76.2
Uruguay,2017,10 a 12 años,77.5
Uruguay,2017,13 años y más,81.2
Uruguay,2017,6 a 9 años,67.9
Uruguay,2017,Total,86.8
Uruguay,2018,0 a 5 años,76.3
Uruguay,2018,10 a 12 años,77.9
Uruguay,2018,13 años y más,82.3
Uruguay,2018,6 a 9 años,72.9
Uruguay,2018,Total,88.3
Uruguay,2019,0 a 5 años,61.6
Uruguay,2019,10 a 12 años,78.8
Uruguay,2019,13 años y más,81.9
Uruguay,2019,6 a 9 años,72.1
Uruguay,2019,Total,88.8
Uruguay,2020,0 a 5 años,97.9
Uruguay,2020,10 a 12 años,79.6
Uruguay,2020,13 años y más,85
Uruguay,2020,6 a 9 años,73
Uruguay,2020,Total,90.9
Uruguay,2021,0 a 5 años,104.4
Uruguay,2021,10 a 12 años,83.3
Uruguay,2021,13 años y más,87.5
Uruguay,2021,6 a 9 años,74.4
Uruguay,2021,Total,95
Uruguay,2022,0 a 5 años,70.7
Uruguay,2022,10 a 12 años,79.6
Uruguay,2022,13 años y más,83.6
Uruguay,2022,6 a 9 años,71.3
Uruguay,2022,Total,90.3
Uruguay,2023,0 a 5 años,75.3
Uruguay,2023,10 a 12 años,81.9
Uruguay,2023,13 años y más,80.3
Uruguay,2023,6 a 9 años,73
Uruguay,2023,Total,89.8
Uruguay,2024,0 a 5 años,66.9
Uruguay,2024,10 a 12 años,83.6
Uruguay,2024,13 años y más,81.1
Uruguay,2024,6 a 9 años,70.4
Uruguay,2024,Total,90.3
Venezuela,2000,0 a 5 años,92
Venezuela,2000,10 a 12 años,75.4
Venezuela,2000,13 años y más,81.5
Venezuela,2000,6 a 9 años,77.5
Venezuela,2000,Total,91
Venezuela,2001,0 a 5 años,81.9
Venezuela,2001,10 a 12 años,76.4
Venezuela,2001,13 años y más,83.1
Venezuela,2001,6 a 9 años,76.7
Venezuela,2001,Total,95.8
Venezuela,2002,0 a 5 años,80.6
Venezuela,2002,10 a 12 años,80.6
Venezuela,2002,13 años y más,82.6
Venezuela,2002,6 a 9 años,79.1
Venezuela,2002,Total,96.7
Venezuela,2003,0 a 5 años,79.8
Venezuela,2003,10 a 12 años,79.9
Venezuela,2003,13 años y más,77.6
Venezuela,2003,6 a 9 años,75.1
Venezuela,2003,Total,91.6
Venezuela,2004,0 a 5 años,72.9
Venezuela,2004,10 a 12 años,84.2
Venezuela,2004,13 años y más,81.5
Venezuela,2004,6 a 9 años,80.5
Venezuela,2004,Total,94.4
Venezuela,2005,0 a 5 años,70
Venezuela,2005,10 a 12 años,81
Venezuela,2005,13 años y más,86.3
Venezuela,2005,6 a 9 años,77.8
Venezuela,2005,Total,96.1
Venezuela,2006,0 a 5 años,72.6
Venezuela,2006,10 a 12 años,82.5
Venezuela,2006,13 años y más,78.6
Venezuela,2006,6 a 9 años,75.3
Venezuela,2006,Total,91.3
Venezuela,2007,0 a 5 años,85.9
Venezuela,2007,10 a 12 años,78.6
Venezuela,2007,13 años y más,85.3
Venezuela,2007,6 a 9 años,81.4
Venezuela,2007,Total,94.2
Venezuela,2008,0 a 5 años,81.2
Venezuela,2008,10 a 12 años,81.2
Venezuela,2008,13 años y más,83.9
Venezuela,2008,6 a 9 años,78.1
Venezuela,2008,Total,92.4
Venezuela,2009,0 a 5 años,88.3
Venezuela,2009,10 a 12 años,82.3
Venezuela,2009,13 años y más,86.7
Venezuela,2009,6 a 9 años,78
Venezuela,2009,Total,94.7
Venezuela,2010,0 a 5 años,84.1
Venezuela,2010,10 a 12 años,82.1
Venezuela,2010,13 años y más,87.8
Venezuela,2010,6 a 9 años,80
Venezuela,2010,Total,94
Venezuela,2011,0 a 5 años,79.7
Venezuela,2011,10 a 12 años,87.9
Venezuela,2011,13 años y más,86.4
Venezuela,2011,6 a 9 años,78.5
Venezuela,2011,Total,95.6
Venezuela,2012,0 a 5 años,90.7
Venezuela,2012,10 a 12 años,84.8
Venezuela,2012,13 años y más,89.4
Venezuela,2012,6 a 9 años,81
Venezuela,2012,Total,95.1
Venezuela,2013,0 a 5 años,77.4
Venezuela,2013,10 a 12 años,84.5
Venezuela,2013,13 años y más,89.4
Venezuela,2013,6 a 9 años,81.1
Venezuela,2013,Total,95.1
Venezuela,2014,0 a 5 años,97.8
Venezuela,2014,10 a 12 años,83.4
Venezuela,2014,13 años y más,87.3
Venezuela,2014,6 a 9 años,85.5
Venezuela,2014,Total,93.8
América Latina,2000,0 a 5 años,79.7
América Latina,2000,10 a 12 años,78.7
América Latina,2000,13 años y más,70
América Latina,2000,6 a 9 años,74.5
América Latina,2000,Total,81.4
América Latina,2001,0 a 5 años,74.9
América Latina,2001,10 a 12 años,78.3
América Latina,2001,13 años y más,71.7
América Latina,2001,6 a 9 años,74.6
América Latina,2001,Total,83.2
América Latina,2002,0 a 5 años,77.9
América Latina,2002,10 a 12 años,78.8
América Latina,2002,13 años y más,71.8
América Latina,2002,6 a 9 años,74.8
América Latina,2002,Total,83.2
América Latina,2003,0 a 5 años,77.2
América Latina,2003,10 a 12 años,75.8
América Latina,2003,13 años y más,71.7
América Latina,2003,6 a 9 años,76.3
América Latina,2003,Total,82.3
América Latina,2004,0 a 5 años,76.8
América Latina,2004,10 a 12 años,75
América Latina,2004,13 años y más,73.2
América Latina,2004,6 a 9 años,75.1
América Latina,2004,Total,83.9
América Latina,2005,0 a 5 años,76
América Latina,2005,10 a 12 años,78.2
América Latina,2005,13 años y más,74.9
América Latina,2005,6 a 9 años,73.8
América Latina,2005,Total,85.9
América Latina,2006,0 a 5 años,76.1
América Latina,2006,10 a 12 años,78.4
América Latina,2006,13 años y más,73
América Latina,2006,6 a 9 años,73.8
América Latina,2006,Total,85.4
América Latina,2007,0 a 5 años,74.7
América Latina,2007,10 a 12 años,77.7
América Latina,2007,13 años y más,74.4
América Latina,2007,6 a 9 años,73.4
América Latina,2007,Total,84.9
América Latina,2008,0 a 5 años,74.7
América Latina,2008,10 a 12 años,76.5
América Latina,2008,13 años y más,74.4
América Latina,2008,6 a 9 años,72
América Latina,2008,Total,83.8
América Latina,2009,0 a 5 años,78
América Latina,2009,10 a 12 años,76.8
América Latina,2009,13 años y más,76.7
América Latina,2009,6 a 9 años,73.5
América Latina,2009,Total,85.7
América Latina,2010,0 a 5 años,77.6
América Latina,2010,10 a 12 años,78
América Latina,2010,13 años y más,76.8
América Latina,2010,6 a 9 años,73.9
América Latina,2010,Total,85.6
América Latina,2011,0 a 5 años,77.1
América Latina,2011,10 a 12 años,79.1
América Latina,2011,13 años y más,77.2
América Latina,2011,6 a 9 años,74.3
América Latina,2011,Total,86.6
América Latina,2012,0 a 5 años,81.1
América Latina,2012,10 a 12 años,77.7
América Latina,2012,13 años y más,78.9
América Latina,2012,6 a 9 años,75.5
América Latina,2012,Total,87.4
América Latina,2013,0 a 5 años,80
América Latina,2013,10 a 12 años,78.5
América Latina,2013,13 años y más,80.2
América Latina,2013,6 a 9 años,75.1
América Latina,2013,Total,88.2
América Latina,2014,0 a 5 años,79.7
América Latina,2014,10 a 12 años,80.5
América Latina,2014,13 años y más,78.8
América Latina,2014,6 a 9 años,75.8
América Latina,2014,Total,88.3
América Latina,2015,0 a 5 años,81.4
América Latina,2015,10 a 12 años,81.1
América Latina,2015,13 años y más,81.2
América Latina,2015,6 a 9 años,77
América Latina,2015,Total,90.8
América Latina,2016,0 a 5 años,81
América Latina,2016,10 a 12 años,82.2
América Latina,2016,13 años y más,81.3
América Latina,2016,6 a 9 años,77.3
América Latina,2016,Total,90.8
América Latina,2017,0 a 5 años,79.1
América Latina,2017,10 a 12 años,82.4
América Latina,2017,13 años y más,82
América Latina,2017,6 a 9 años,78.2
América Latina,2017,Total,91.2
América Latina,2018,0 a 5 años,81.1
América Latina,2018,10 a 12 años,81.8
América Latina,2018,13 años y más,82.7
América Latina,2018,6 a 9 años,78.7
América Latina,2018,Total,91.6
América Latina,2019,0 a 5 años,83.8
América Latina,2019,10 a 12 años,81.8
América Latina,2019,13 años y más,83.7
América Latina,2019,6 a 9 años,78.7
América Latina,2019,Total,92.4
América Latina,2020,0 a 5 años,85.6
América Latina,2020,10 a 12 años,83.5
América Latina,2020,13 años y más,84.7
América Latina,2020,6 a 9 años,79.4
América Latina,2020,Total,94.7
América Latina,2021,0 a 5 años,84
América Latina,2021,10 a 12 años,83.9
América Latina,2021,13 años y más,83.5
América Latina,2021,6 a 9 años,80.5
América Latina,2021,Total,93.4
América Latina,2022,0 a 5 años,85.1
América Latina,2022,10 a 12 años,83.2
América Latina,2022,13 años y más,83.4
América Latina,2022,6 a 9 años,79.5
América Latina,2022,Total,92.2
América Latina,2023,0 a 5 años,81.3
América Latina,2023,10 a 12 años,82.3
América Latina,2023,13 años y más,84.4
América Latina,2023,6 a 9 años,79.5
América Latina,2023,Total,92
América Latina,2024,0 a 5 años,77.4
América Latina,2024,10 a 12 años,82
América Latina,2024,13 años y más,84.9
América Latina,2024,6 a 9 años,80.9
América Latina,2024,Total,91.7
Argentina,2000,0 a 5 años,81.1
Argentina,2000,10 a 12 años,79.6
Argentina,2000,13 años y más,71.3
Argentina,2000,6 a 9 años,75.8
Argentina,2000,Total,87.9
Argentina,2001,0 a 5 años,86.5
Argentina,2001,10 a 12 años,76.7
Argentina,2001,13 años y más,75.2
Argentina,2001,6 a 9 años,73.6
Argentina,2001,Total,89.7
Argentina,2002,0 a 5 años,89.5
Argentina,2002,10 a 12 años,81.1
Argentina,2002,13 años y más,69.8
Argentina,2002,6 a 9 años,65.6
Argentina,2002,Total,85.6
Argentina,2003,0 a 5 años,85.7
Argentina,2003,10 a 12 años,84.4
Argentina,2003,13 años y más,83
Argentina,2003,6 a 9 años,79.8
Argentina,2003,Total,95.6
Argentina,2004,0 a 5 años,84.2
Argentina,2004,10 a 12 años,77.1
Argentina,2004,13 años y más,78.5
Argentina,2004,6 a 9 años,73.6
Argentina,2004,Total,89.1
Argentina,2005,0 a 5 años,76.5
Argentina,2005,10 a 12 años,82.5
Argentina,2005,13 años y más,74.3
Argentina,2005,6 a 9 años,70.3
Argentina,2005,Total,89.1
Argentina,2006,0 a 5 años,74.8
Argentina,2006,10 a 12 años,75.1
Argentina,2006,13 años y más,79.6
Argentina,2006,6 a 9 años,69.1
Argentina,2006,Total,90
Argentina,2007,0 a 5 años,76.4
Argentina,2007,10 a 12 años,75.8
Argentina,2007,13 años y más,70
Argentina,2007,6 a 9 años,66.8
Argentina,2007,Total,81.9
Argentina,2008,0 a 5 años,49.5
Argentina,2008,10 a 12 años,75.5
Argentina,2008,13 años y más,78.1
Argentina,2008,6 a 9 años,63.5
Argentina,2008,Total,83.4
Argentina,2009,0 a 5 años,77.7
Argentina,2009,10 a 12 años,79.4
Argentina,2009,13 años y más,80.3
Argentina,2009,6 a 9 años,73
Argentina,2009,Total,88.5
Argentina,2010,0 a 5 años,60.3
Argentina,2010,10 a 12 años,81.8
Argentina,2010,13 años y más,82.1
Argentina,2010,6 a 9 años,71.2
Argentina,2010,Total,90.9
Argentina,2011,0 a 5 años,79.6
Argentina,2011,10 a 12 años,80
Argentina,2011,13 años y más,81.8
Argentina,2011,6 a 9 años,72
Argentina,2011,Total,89.6
Argentina,2012,0 a 5 años,50.7
Argentina,2012,10 a 12 años,80.8
Argentina,2012,13 años y más,87.6
Argentina,2012,6 a 9 años,76.9
Argentina,2012,Total,92.9
Argentina,2013,0 a 5 años,79.4
Argentina,2013,10 a 12 años,83.5
Argentina,2013,13 años y más,83.3
Argentina,2013,6 a 9 años,80.2
Argentina,2013,Total,91.4
Argentina,2014,0 a 5 años,87.8
Argentina,2014,10 a 12 años,82.8
Argentina,2014,13 años y más,83.4
Argentina,2014,6 a 9 años,75.4
Argentina,2014,Total,92.7
Argentina,2016,0 a 5 años,80
Argentina,2016,10 a 12 años,77.4
Argentina,2016,13 años y más,86.5
Argentina,2016,6 a 9 años,72.9
Argentina,2016,Total,92.8
Argentina,2017,0 a 5 años,52.8
Argentina,2017,10 a 12 años,82.6
Argentina,2017,13 años y más,83.3
Argentina,2017,6 a 9 años,75.1
Argentina,2017,Total,91.4
Argentina,2018,0 a 5 años,68.7
Argentina,2018,10 a 12 años,79.2
Argentina,2018,13 años y más,86.8
Argentina,2018,6 a 9 años,79.9
Argentina,2018,Total,92.6
Argentina,2019,0 a 5 años,98.4
Argentina,2019,10 a 12 años,80.8
Argentina,2019,13 años y más,85
Argentina,2019,6 a 9 años,72
Argentina,2019,Total,92.4
Argentina,2020,0 a 5 años,98.9
Argentina,2020,10 a 12 años,75.5
Argentina,2020,13 años y más,79.7
Argentina,2020,6 a 9 años,77.9
Argentina,2020,Total,92.7
Argentina,2021,0 a 5 años,64.7
Argentina,2021,10 a 12 años,85.9
Argentina,2021,13 años y más,76.4
Argentina,2021,6 a 9 años,61.6
Argentina,2021,Total,88.5
Argentina,2022,0 a 5 años,96.4
Argentina,2022,10 a 12 años,80.2
Argentina,2022,13 años y más,83.9
Argentina,2022,6 a 9 años,67.1
Argentina,2022,Total,91.2
Argentina,2023,0 a 5 años,74.4
Argentina,2023,10 a 12 años,83.9
Argentina,2023,13 años y más,86
Argentina,2023,6 a 9 años,66.2
Argentina,2023,Total,93
Argentina,2024,0 a 5 años,57.1
Argentina,2024,10 a 12 años,77.3
Argentina,2024,13 años y más,79.7
Argentina,2024,6 a 9 años,68.3
Argentina,2024,Total,87.5
Bolivia,2000,0 a 5 años,68.1
Bolivia,2000,10 a 12 años,88.3
Bolivia,2000,13 años y más,61
Bolivia,2000,6 a 9 años,54.8
Bolivia,2000,Total,70.5
Bolivia,2001,0 a 5 años,68.4
Bolivia,2001,10 a 12 años,77.4
Brasil,2001,10 a 12 años,63.6
Brasil,2001,13 años y más,61
Brasil,2001,6 a 9 años,62.6
Brasil,2001,Total,75.9
Brasil,2002,0 a 5 años,69.9
Brasil,2002,10 a 12 años,64.4
Brasil,2002,13 años y más,65.6
Brasil,2002,6 a 9 años,63.3
Brasil,2002,Total,78.6
Brasil,2003,0 a 5 años,70.9
Brasil,2003,10 a 12 años,66.2
Brasil,2003,13 años y más,63.7
Brasil,2003,6 a 9 años,63.6
Brasil,2003,Total,78.5
Brasil,2004,0 a 5 años,69.5
Brasil,2004,10 a 12 años,66.9
Brasil,2004,13 años y más,64.4
Brasil,2004,6 a 9 años,64.9
Brasil,2004,Total,77.5
Brasil,2005,0 a 5 años,69.1
Brasil,2005,10 a 12 años,66.7
Brasil,2005,13 años y más,66.3
Brasil,2005,6 a 9 años,66.1
Brasil,2005,Total,79.5
Brasil,2006,0 a 5 años,72.8
Brasil,2006,10 a 12 años,68.4
Brasil,2006,13 años y más,68.1
Brasil,2006,6 a 9 años,67
Brasil,2006,Total,80.6
Brasil,2007,0 a 5 años,72.3
Brasil,2007,10 a 12 años,68.2
Brasil,2007,13 años y más,67.3
Brasil,2007,6 a 9 años,65.8
Brasil,2007,Total,79.3
Brasil,2008,0 a 5 años,70.9
Brasil,2008,10 a 12 años,66.3
Brasil,2008,13 años y más,69.2
Brasil,2008,6 a 9 años,66.2
Brasil,2008,Total,79.5
Brasil,2009,0 a 5 años,73
Brasil,2009,10 a 12 años,68.4
Brasil,2009,13 años y más,66.8
Brasil,2009,6 a 9 años,68.7
Brasil,2009,Total,78.8
Brasil,2011,0 a 5 años,75
Brasil,2011,10 a 12 años,68.2
Brasil,2011,13 años y más,71
Brasil,2011,6 a 9 años,70.9
Brasil,2011,Total,81.6
Brasil,2012,0 a 5 años,74.1
Brasil,2012,10 a 12 años,69.9
Brasil,2012,13 años y más,68.9
Brasil,2012,6 a 9 años,69.4
Brasil,2012,Total,79.8
Brasil,2013,0 a 5 años,76.5
Brasil,2013,10 a 12 años,69.3
Brasil,2013,13 años y más,72.5
Brasil,2013,6 a 9 años,71.9
Brasil,2013,Total,82.2
Brasil,2014,0 a 5 años,77
Brasil,2014,10 a 12 años,70.8
Brasil,2014,13 años y más,71.1
Brasil,2014,6 a 9 años,72.5
Brasil,2014,Total,82
Brasil,2015,0 a 5 años,77.7
Brasil,2015,10 a 12 años,72.5
Brasil,2015,13 años y más,71.1
Brasil,2015,6 a 9 años,73.7
Brasil,2015,Total,83.1
Brasil,2016,0 a 5 años,78.6
Brasil,2016,10 a 12 años,73.7
Brasil,2016,13 años y más,71.5
Brasil,2016,6 a 9 años,75.9
Brasil,2016,Total,83.5
Brasil,2017,0 a 5 años,78.6
Brasil,2017,10 a 12 años,74.9
Brasil,2017,13 años y más,71.6
Brasil,2017,6 a 9 años,76.2
Brasil,2017,Total,83.3
Brasil,2018,0 a 5 años,77.7
Brasil,2018,10 a 12 años,74
Brasil,2018,13 años y más,72.9
Brasil,2018,6 a 9 años,77.7
Brasil,2018,Total,84.3
Brasil,2019,0 a 5 años,84.9
Brasil,2019,10 a 12 años,75.5
Brasil,2019,13 años y más,74.4
Brasil,2019,6 a 9 años,78.8
Brasil,2019,Total,86.5
Brasil,2020,0 a 5 años,78.9
Brasil,2020,10 a 12 años,77.2
Brasil,2020,13 años y más,71.4
Brasil,2020,6 a 9 años,78.7
Brasil,2020,Total,85.8
Brasil,2021,0 a 5 años,76.8
Brasil,2021,10 a 12 años,77.8
Brasil,2021,13 años y más,72.3
Brasil,2021,6 a 9 años,77.9
Brasil,2021,Total,85.1
Brasil,2022,0 a 5 años,85.9
Brasil,2022,10 a 12 años,77.1
Brasil,2022,13 años y más,71.6
Brasil,2022,6 a 9 años,77.7
Brasil,2022,Total,85.4
Brasil,2023,0 a 5 años,81.8
Brasil,2023,10 a 12 años,77.7
Brasil,2023,13 años y más,73.6
Brasil,2023,6 a 9 años,79.1
Brasil,2023,Total,85.4
Brasil,2024,0 a 5 años,85.4
Brasil,2024,10 a 12 años,76.6
Brasil,2024,13 años y más,73.1
Brasil,2024,6 a 9 años,78.6
Brasil,2024,Total,85.7
Chile,2000,0 a 5 años,89.4
Chile,2000,10 a 12 años,75.3
Chile,2000,13 años y más,63.3
Chile,2000,6 a 9 años,76.4
Chile,2000,Total,74.6
Chile,2003,0 a 5 años,88.7
Chile,2003,10 a 12 años,77.9
Chile,2003,13 años y más,67.9
Chile,2003,6 a 9 años,77.3
Chile,2003,Total,80.1
Chile,2006,0 a 5 años,76.8
Chile,2006,10 a 12 años,77.7
Chile,2006,13 años y más,73.2
Chile,2006,6 a 9 años,81.1
Chile,2006,Total,82.6
Chile,2009,0 a 5 años,83.7
Chile,2009,10 a 12 años,75.1
Chile,2009,13 años y más,70
Chile,2009,6 a 9 años,75
Chile,2009,Total,80.1
Chile,2011,0 a 5 años,82.6
Chile,2011,10 a 12 años,75.7
Chile,2011,13 años y más,69.8
Chile,2011,6 a 9 años,79.8
Chile,2011,Total,79.7
Chile,2013,0 a 5 años,76.8
Chile,2013,10 a 12 años,70.7
Chile,2013,13 años y más,70.3
Chile,2013,6 a 9 años,74.8
Chile,2013,Total,76.8
Chile,2015,0 a 5 años,82.6
Chile,2015,10 a 12 años,77.5
Chile,2015,13 años y más,70
Chile,2015,6 a 9 años,78.3
Chile,2015,Total,78.2
Chile,2017,0 a 5 años,92
Chile,2017,10 a 12 años,80.9
Chile,2017,13 años y más,78.6
Chile,2017,6 a 9 años,79.5
Colombia,2002,10 a 12 años,87.6
Colombia,2002,13 años y más,76.6
Colombia,2002,6 a 9 años,87.4
Colombia,2002,Total,91.8
Colombia,2003,0 a 5 años,92.7
Colombia,2003,10 a 12 años,84.5
Colombia,2003,13 años y más,77.4
Colombia,2003,6 a 9 años,88.9
Colombia,2003,Total,90
Colombia,2004,0 a 5 años,95.5
Colombia,2004,10 a 12 años,85.4
Colombia,2004,13 años y más,74.5
Colombia,2004,6 a 9 años,86.6
Colombia,2004,Total,89.1
Colombia,2005,0 a 5 años,91.4
Colombia,2005,10 a 12 años,84.1
Colombia,2005,13 años y más,76.5
Colombia,2005,6 a 9 años,87.3
Colombia,2005,Total,89.7
Colombia,2008,0 a 5 años,86.1
Colombia,2008,10 a 12 años,81
Colombia,2008,13 años y más,78.1
Colombia,2008,6 a 9 años,81.9
Colombia,2008,Total,89.8
Colombia,2009,0 a 5 años,82.4
Colombia,2009,10 a 12 años,78.5
Colombia,2009,13 años y más,78.3
Colombia,2009,6 a 9 años,81.2
Colombia,2009,Total,89.6
Colombia,2010,0 a 5 años,83.9
Colombia,2010,10 a 12 años,79.4
Colombia,2010,13 años y más,75.8
Colombia,2010,6 a 9 años,79.3
Colombia,2010,Total,88.4
Colombia,2011,0 a 5 años,80.1
Colombia,2011,10 a 12 años,79.2
Colombia,2011,13 años y más,81.1
Colombia,2011,6 a 9 años,80
Colombia,2011,Total,91.3
Colombia,2012,0 a 5 años,81.4
Colombia,2012,10 a 12 años,77.7
Colombia,2012,13 años y más,79.2
Colombia,2012,6 a 9 años,76.9
Colombia,2012,Total,88.8
Colombia,2013,0 a 5 años,81.2
Colombia,2013,10 a 12 años,79.1
Colombia,2013,13 años y más,79.5
Colombia,2013,6 a 9 años,77.1
Colombia,2013,Total,89.7
Colombia,2014,0 a 5 años,83.6
Colombia,2014,10 a 12 años,79.3
Colombia,2014,13 años y más,76.9
Colombia,2014,6 a 9 años,79.2
Colombia,2014,Total,87.8
Colombia,2015,0 a 5 años,79.3
Colombia,2015,10 a 12 años,81
Colombia,2015,13 años y más,79.8
Colombia,2015,6 a 9 años,80
Colombia,2015,Total,89.9
Colombia,2016,0 a 5 años,82.8
Colombia,2016,10 a 12 años,80.9
Colombia,2016,13 años y más,82.5
Colombia,2016,6 a 9 años,80.3
Colombia,2016,Total,91.7
Colombia,2017,0 a 5 años,82
Colombia,2017,10 a 12 años,82.3
Colombia,2017,13 años y más,83.3
Colombia,2017,6 a 9 años,84.3
Colombia,2017,Total,92.2
Colombia,2018,0 a 5 años,83.9
Colombia,2018,10 a 12 años,82.6
Colombia,2018,13 años y más,85.1
Colombia,2018,6 a 9 años,81.6
Colombia,2018,Total,94
Colombia,2019,0 a 5 años,85.6
Colombia,2019,10 a 12 años,83.8
Colombia,2019,13 años y más,81
Colombia,2019,6 a 9 años,86.8
Colombia,2019,Total,92.3
Colombia,2020,0 a 5 años,84.9
Colombia,2020,10 a 12 años,85.4
Colombia,2020,13 años y más,83.8
Colombia,2020,6 a 9 años,87.7
Colombia,2020,Total,96.1
Colombia,2021,0 a 5 años,87.7
Colombia,2021,10 a 12 años,86.1
Colombia,2021,13 años y más,84.3
Colombia,2021,6 a 9 años,86.9
Colombia,2021,Total,96.8
Colombia,2022,0 a 5 años,83.5
Colombia,2022,10 a 12 años,86.4
Colombia,2022,13 años y más,82.4
Colombia,2022,6 a 9 años,85.3
Colombia,2022,Total,95.3
Colombia,2023,0 a 5 años,89.1
Colombia,2023,10 a 12 años,87.2
Colombia,2023,13 años y más,81.4
Colombia,2023,6 a 9 años,86.3
Colombia,2023,Total,94.2
Colombia,2024,0 a 5 años,89.4
Colombia,2024,10 a 12 años,86.6
Colombia,2024,13 años y más,84.6
Colombia,2024,6 a 9 años,86.2
Colombia,2024,Total,96.5
Costa Rica,2000,0 a 5 años,64.7
Costa Rica,2000,10 a 12 años,75.4
Costa Rica,2000,13 años y más,72.6
Costa Rica,2000,6 a 9 años,74.7
Costa Rica,2000,Total,84.2
Costa Rica,2001,0 a 5 años,65.2
Costa Rica,2001,10 a 12 años,73.9
Costa Rica,2001,13 años y más,78.1
Costa Rica,2001,6 a 9 años,75.7
Costa Rica,2001,Total,87.3
Costa Rica,2002,0 a 5 años,68.2
Costa Rica,2002,10 a 12 años,84.4
Costa Rica,2002,13 años y más,69.5
Costa Rica,2002,6 a 9 años,68.3
Costa Rica,2002,Total,83.5
Costa Rica,2003,0 a 5 años,67.9
Costa Rica,2003,10 a 12 años,78.3
Costa Rica,2003,13 años y más,74.6
Costa Rica,2003,6 a 9 años,69.8
Costa Rica,2003,Total,86.7
Costa Rica,2004,0 a 5 años,71.1
Costa Rica,2004,10 a 12 años,83.1
Costa Rica,2004,13 años y más,74.3
Costa Rica,2004,6 a 9 años,74.8
Costa Rica,2004,Total,89.6
Costa Rica,2005,0 a 5 años,64.2
Costa Rica,2005,10 a 12 años,82.1
Costa Rica,2005,13 años y más,76.6
Costa Rica,2005,6 a 9 años,73.2
Costa Rica,2005,Total,89.4
Costa Rica,2006,0 a 5 años,76.5
Costa Rica,2006,10 a 12 años,82.2
Costa Rica,2006,13 años y más,76.7
Costa Rica,2006,6 a 9 años,71.6
Costa Rica,2006,Total,91
Costa Rica,2007,0 a 5 años,73.5
Costa Rica,2007,10 a 12 años,79.5
Costa Rica,2007,13 años y más,74.5
Costa Rica,2007,6 a 9 años,71.8
Costa Rica,2007,Total,87.1
Costa Rica,2008,0 a 5 años,73.8
Costa Rica,2008,10 a 12 años,74.5
Costa Rica,2008,13 años y más,79.1
Costa Rica,2008,6 a 9 años,73.1
Costa Rica,2008,Total,89.2
Costa Rica,2009,0 a 5 años,68.5
Costa Rica,2009,10 a 12 años,82.2
Costa Rica,2009,13 años y más,78.7
Costa Rica,2009,6 a 9 años,71
Costa Rica,2009,Total,92.6
Costa Rica,2010,0 a 5 años,66.4
Costa Rica,2010,10 a 12 años,82.2
Costa Rica,2010,13 años y más,86.3
Costa Rica,2010,6 a 9 años,82.5
Costa Rica,2010,Total,94.6
Costa Rica,2011,0 a 5 años,71.3
Costa Rica,2011,10 a 12 años,86.3
Costa Rica,2011,13 años y más,86.7
Costa Rica,2011,6 a 9 años,80
Costa Rica,2011,Total,95.5
Costa Rica,2012,0 a 5 años,89.1
Costa Rica,2012,10 a 12 años,87.5
Costa Rica,2012,13 años y más,83.4
Costa Rica,2012,6 a 9 años,84.9
Costa Rica,2012,Total,97.2
Costa Rica,2013,0 a 5 años,83.2
Costa Rica,2013,10 a 12 años,82.6
Costa Rica,2013,13 años y más,86.2
Costa Rica,2013,6 a 9 años,76.2
Costa Rica,2013,Total,97
Costa Rica,2014,0 a 5 años,95.9
Costa Rica,2014,10 a 12 años,82.6
Costa Rica,2014,13 años y más,80.3
Costa Rica,2014,6 a 9 años,79
Costa Rica,2014,Total,93.7
Costa Rica,2015,0 a 5 años,87.6
Costa Rica,2015,10 a 12 años,78.4
Costa Rica,2015,13 años y más,85.3
Costa Rica,2015,6 a 9 años,81.9
Costa Rica,2015,Total,99.1
Costa Rica,2016,0 a 5 años,90.9
Costa Rica,2016,10 a 12 años,85.5
Costa Rica,2016,13 años y más,83.3
Costa Rica,2016,6 a 9 años,79.4
Costa Rica,2016,Total,99.8
Costa Rica,2017,0 a 5 años,80.1
Costa Rica,2017,10 a 12 años,84.4
Costa Rica,2017,13 años y más,91.5
Costa Rica,2017,6 a 9 años,80.7
Costa Rica,2017,Total,104.6
Costa Rica,2018,0 a 5 años,79
Costa Rica,2018,10 a 12 años,83.7
Costa Rica,2018,13 años y más,85.8
Costa Rica,2018,6 a 9 años,83.9
Costa Rica,2018,Total,101.4
Costa Rica,2019,0 a 5 años,80.6
Costa Rica,2019,10 a 12 años,81
Costa Rica,2019,13 años y más,88.7
Costa Rica,2019,6 a 9 años,83.8
Costa Rica,2019,Total,102.4
Costa Rica,2020,0 a 5 años,92.7
Costa Rica,2020,10 a 12 años,90.9
Costa Rica,2020,13 años y más,90.9
Costa Rica,2020,6 a 9 años,79.7
Costa Rica,2020,Total,110.3
Costa Rica,2021,0 a 5 años,78.4
Costa Rica,2021,10 a 12 años,91.1
Costa Rica,2021,13 años y más,81.7
Costa Rica,2021,6 a 9 años,85.2
Costa Rica,2021,Total,101.2
Costa Rica,2022,0 a 5 años,87.1
Costa Rica,2022,10 a 12 años,87.2
Costa Rica,2022,13 años y más,84.6
Costa Rica,2022,6 a 9 años,81.5
Costa Rica,2022,Total,102.1
Costa Rica,2023,0 a 5 años,91.2
Costa Rica,2023,10 a 12 años,87.3
Costa Rica,2023,13 años y más,83.5
Costa Rica,2023,6 a 9 años,86.5
Costa Rica,2023,Total,100.3
Costa Rica,2024,0 a 5 años,88.1
Costa Rica,2024,10 a 12 años,89
Costa Rica,2024,13 años y más,82.5
Costa Rica,2024,6 a 9 años,87.2
Costa Rica,2024,Total,98.6
Ecuador,2001,0 a 5 años,74.2
Ecuador,2001,10 a 12 años,76.7
Ecuador,2001,13 años y más,68.6
Ecuador,2001,6 a 9 años,62
Ecuador,2001,Total,79.2
Ecuador,2003,0 a 5 años,73.5
Ecuador,2003,10 a 12 años,48.6
Ecuador,2003,13 años y más,72.1
Ecuador,2003,6 a 9 años,73.7
Ecuador,2003,Total,71.4
Ecuador,2005,0 a 5 años,74.8
Ecuador,2005,10 a 12 años,77
Ecuador,2005,13 años y más,77.6
Ecuador,2005,6 a 9 años,75.2
Ecuador,2005,Total,89
Ecuador,2006,0 a 5 años,88.3
Ecuador,2006,10 a 12 años,80.6
Ecuador,2006,13 años y más,75.7
Ecuador,2006,6 a 9 años,76.1
Ecuador,2006,Total,89
Ecuador,2007,0 a 5 años,61.8
Ecuador,2007,10 a 12 años,74.6
Ecuador,2007,13 años y más,78.9
Ecuador,2007,6 a 9 años,71
Ecuador,2007,Total,84.7
Ecuador,2008,0 a 5 años,78.7
Ecuador,2008,10 a 12 años,70.9
Ecuador,2008,13 años y más,77.7
Ecuador,2008,6 a 9 años,76.8
Ecuador,2008,Total,85.3
Ecuador,2009,0 a 5 años,78.8
Ecuador,2009,10 a 12 años,71.3
Ecuador,2009,13 años y más,74.2
Ecuador,2009,6 a 9 años,79.3
Ecuador,2009,Total,82.1
Ecuador,2010,0 a 5 años,70.8
Ecuador,2010,10 a 12 años,82.1
Ecuador,2010,13 años y más,75.8
Ecuador,2010,6 a 9 años,78.2
Ecuador,2010,Total,84.6
Ecuador,2011,0 a 5 años,64
Ecuador,2011,10 a 12 años,84.3
Ecuador,2011,13 años y más,75.1
Ecuador,2011,6 a 9 años,75.7
Ecuador,2011,Total,83.9
Ecuador,2012,0 a 5 años,95.6
Ecuador,2012,10 a 12 años,82.3
Ecuador,2012,13 años y más,90.8
Ecuador,2012,6 a 9 años,87.2
Ecuador,2012,Total,98.8
Ecuador,2013,0 a 5 años,77.4
Ecuador,2013,10 a 12 años,81.6
Ecuador,2013,13 años y más,82.2
Ecuador,2013,6 a 9 años,78.4
Ecuador,2013,Total,94.2
Ecuador,2014,0 a 5 años,91.3
Ecuador,2014,10 a 12 años,78.9
Ecuador,2014,13 años y más,82.3
Ecuador,2014,6 a 9 años,82.9
Ecuador,2014,Total,93.9
Ecuador,2015,0 a 5 años,81.3
Ecuador,2015,10 a 12 años,86.3
Ecuador,2015,13 años y más,80.3
Ecuador,2015,6 a 9 años,82.8
Ecuador,2015,Total,96.1
Ecuador,2016,0 a 5 años,84.9
Ecuador,2016,10 a 12 años,81.4
Ecuador,2016,13 años y más,83.4
Ecuador,2016,6 a 9 años,83.6
Ecuador,2016,Total,96.5
Ecuador,2017,0 a 5 años,86.4
Ecuador,2017,10 a 12 años,83.6
Ecuador,2017,13 años y más,88
Ecuador,2017,6 a 9 años,83.5
Ecuador,2017,Total,99.8
Ecuador,2018,0 a 5 años,89.1
Ecuador,2018,10 a 12 años,82.3
Honduras,2001,10 a 12 años,87
Honduras,2001,13 años y más,84.5
Honduras,2001,6 a 9 años,87.5
Honduras,2001,Total,90.4
Honduras,2004,0 a 5 años,76.1
Honduras,2004,10 a 12 años,67.7
Honduras,2004,13 años y más,84.6
Honduras,2004,6 a 9 años,94.4
Honduras,2004,Total,103.2
Honduras,2005,0 a 5 años,81.8
Honduras,2005,10 a 12 años,82.6
Honduras,2005,13 años y más,83.2
Honduras,2005,6 a 9 años,76.6
Honduras,2005,Total,92.6
Honduras,2009,0 a 5 años,80.2
Honduras,2009,10 a 12 años,90
Honduras,2009,13 años y más,82.4
Honduras,2009,6 a 9 años,80.1
Honduras,2009,Total,95.5
Honduras,2010,0 a 5 años,85.4
Honduras,2010,10 a 12 años,84.2
Honduras,2010,13 años y más,84.6
Honduras,2010,6 a 9 años,83.9
Honduras,2010,Total,93
Honduras,2011,0 a 5 años,81.5
Honduras,2011,10 a 12 años,89.4
Honduras,2011,13 años y más,78.6
Honduras,2011,6 a 9 años,87.7
Honduras,2011,Total,93.4
Honduras,2012,0 a 5 años,84
Honduras,2012,10 a 12 años,92.7
Honduras,2012,13 años y más,81.2
Honduras,2012,6 a 9 años,84.5
Honduras,2012,Total,98.1
Honduras,2013,0 a 5 años,87.3
Honduras,2013,10 a 12 años,87.4
Honduras,2013,13 años y más,81.8
Honduras,2013,6 a 9 años,83.8
Honduras,2013,Total,94
Honduras,2014,0 a 5 años,87.6
Honduras,2014,10 a 12 años,85.3
Honduras,2014,13 años y más,82.2
Honduras,2014,6 a 9 años,80.9
Honduras,2014,Total,95.7
Honduras,2015,0 a 5 años,71.2
Honduras,2015,10 a 12 años,86.9
Honduras,2015,13 años y más,88.5
Honduras,2015,6 a 9 años,81.7
Honduras,2015,Total,97.4
Honduras,2016,0 a 5 años,79.9
Honduras,2016,10 a 12 años,90.8
Honduras,2016,13 años y más,94.1
Honduras,2016,6 a 9 años,85.4
Honduras,2016,Total,103
Honduras,2018,0 a 5 años,78.1
Honduras,2018,10 a 12 años,93.2
Honduras,2018,13 años y más,87.4
Honduras,2018,6 a 9 años,80.9
Honduras,2018,Total,100.8
Honduras,2019,0 a 5 años,86
Honduras,2019,10 a 12 años,85.2
Honduras,2019,13 años y más,86.2
Honduras,2019,6 a 9 años,83.1
Honduras,2019,Total,97.7
Honduras,2022,0 a 5 años,87.2
Honduras,2022,10 a 12 años,83.2
Honduras,2022,13 años y más,93.7
Honduras,2022,6 a 9 años,82.3
Honduras,2022,Total,93.4
Honduras,2023,0 a 5 años,84.9
Honduras,2023,10 a 12 años,83
Honduras,2023,13 años y más,95.2
Honduras,2023,6 a 9 años,77.1
Honduras,2023,Total,96.8
Honduras,2024,0 a 5 años,60
Honduras,2024,10 a 12 años,88.1
Honduras,2024,13 años y más,104.8
Honduras,2024,6 a 9 años,82
Honduras,2024,Total,98.1
México,2000,0 a 5 años,64.4
México,2000,10 a 12 años,81.6
México,2000,13 años y más,59.5
México,2000,6 a 9 años,86.4
México,2000,Total,74.7
México,2002,0 a 5 años,69.9
México,2002,10 a 12 años,74
México,2002,13 años y más,78.7
México,2002,6 a 9 años,74.8
México,2002,Total,81.7
México,2004,0 a 5 años,76.6
México,2004,10 a 12 años,80.4
México,2004,13 años y más,72.2
México,2004,6 a 9 años,75.4
México,2004,Total,83.2
México,2006,0 a 5 años,68
México,2006,10 a 12 años,79.3
México,2006,13 años y más,69.1
México,2006,6 a 9 años,71.6
México,2006,Total,79.5
México,2008,0 a 5 años,72.9
México,2008,10 a 12 años,79.2
México,2008,13 años y más,74.6
México,2008,6 a 9 años,75.4
México,2008,Total,82.9
México,2010,0 a 5 años,89.3
México,2010,10 a 12 años,81.2
México,2010,13 años y más,66.6
México,2010,6 a 9 años,74.4
México,2010,Total,80.2
México,2012,0 a 5 años,100.4
México,2012,10 a 12 años,80.4
México,2012,13 años y más,73.3
México,2012,6 a 9 años,79
México,2012,Total,84.4
México,2014,0 a 5 años,83.2
México,2014,10 a 12 años,79.8
México,2014,13 años y más,74.4
México,2014,6 a 9 años,76.8
México,2014,Total,84.6
México,2016,0 a 5 años,73
México,2016,10 a 12 años,78.3
México,2016,13 años y más,78.2
México,2016,6 a 9 años,72.5
México,2016,Total,84.7
México,2018,0 a 5 años,77
México,2018,10 a 12 años,76.3
México,2018,13 años y más,80.2
México,2018,6 a 9 años,72.5
México,2018,Total,84.2
México,2020,0 a 5 años,79
México,2020,10 a 12 años,81
México,2020,13 años y más,83.4
México,2020,6 a 9 años,76.2
México,2020,Total,88.5
México,2022,0 a 5 años,81.4
México,2022,10 a 12 años,76.6
México,2022,13 años y más,81.5
México,2022,6 a 9 años,74.3
México,2022,Total,84
México,2024,0 a 5 años,79.3
México,2024,10 a 12 años,78.5
México,2024,13 años y más,79.7
México,2024,6 a 9 años,77.8
México,2024,Total,84.5
Nicaragua,2001,0 a 5 años,75.9
Nicaragua,2001,10 a 12 años,71.9
Nicaragua,2001,13 años y más,73.1
Nicaragua,2001,6 a 9 años,73.1
Nicaragua,2001,Total,82.4
Nicaragua,2005,0 a 5 años,78.6
Nicaragua,2005,10 a 12 años,81.7
Panamá,2000,10 a 12 años,82.4
Panamá,2000,13 años y más,65.9
Panamá,2000,6 a 9 años,68.6
Panamá,2000,Total,81.3
Panamá,2001,0 a 5 años,48.6
Panamá,2001,10 a 12 años,85.1
Panamá,2001,13 años y más,75
Panamá,2001,6 a 9 años,60.6
Panamá,2001,Total,88
Panamá,2002,0 a 5 años,65.2
Panamá,2002,10 a 12 años,85.6
Panamá,2002,13 años y más,74.1
Panamá,2002,6 a 9 años,61.6
Panamá,2002,Total,89.7
Panamá,2003,0 a 5 años,64.3
Panamá,2003,10 a 12 años,81.5
Panamá,2003,13 años y más,71.7
Panamá,2003,6 a 9 años,62.5
Panamá,2003,Total,88.6
Panamá,2004,0 a 5 años,55
Panamá,2004,10 a 12 años,80
Panamá,2004,13 años y más,73.8
Panamá,2004,6 a 9 años,60
Panamá,2004,Total,89.5
Panamá,2005,0 a 5 años,59.1
Panamá,2005,10 a 12 años,81.3
Panamá,2005,13 años y más,76.5
Panamá,2005,6 a 9 años,65.5
Panamá,2005,Total,90.3
Panamá,2006,0 a 5 años,44.2
Panamá,2006,10 a 12 años,78.5
Panamá,2006,13 años y más,78.8
Panamá,2006,6 a 9 años,58.8
Panamá,2006,Total,90.7
Panamá,2007,0 a 5 años,51.3
Panamá,2007,10 a 12 años,77.9
Panamá,2007,13 años y más,75.1
Panamá,2007,6 a 9 años,63.2
Panamá,2007,Total,88.6
Panamá,2008,0 a 5 años,79.7
Panamá,2008,10 a 12 años,86.3
Panamá,2008,13 años y más,79.7
Panamá,2008,6 a 9 años,65.8
Panamá,2008,Total,94.4
Panamá,2009,0 a 5 años,64.7
Panamá,2009,10 a 12 años,80.9
Panamá,2009,13 años y más,74.7
Panamá,2009,6 a 9 años,69.1
Panamá,2009,Total,88.4
Panamá,2011,0 a 5 años,63.6
Panamá,2011,10 a 12 años,79
Panamá,2011,13 años y más,75.4
Panamá,2011,6 a 9 años,68.9
Panamá,2011,Total,90.3
Panamá,2013,0 a 5 años,60.1
Panamá,2013,10 a 12 años,79.1
Panamá,2013,13 años y más,70.9
Panamá,2013,6 a 9 años,74.5
Panamá,2013,Total,87.7
Panamá,2014,0 a 5 años,64.2
Panamá,2014,10 a 12 años,80.8
Panamá,2014,13 años y más,74.6
Panamá,2014,6 a 9 años,76.6
Panamá,2014,Total,89.7
Panamá,2015,0 a 5 años,71.3
Panamá,2015,10 a 12 años,78.6
Panamá,2015,13 años y más,83.4
Panamá,2015,6 a 9 años,73.9
Panamá,2015,Total,94.6
Panamá,2016,0 a 5 años,84.7
Panamá,2016,10 a 12 años,83.2
Panamá,2016,13 años y más,79.8
Panamá,2016,6 a 9 años,78.6
Panamá,2016,Total,94
Panamá,2017,0 a 5 años,70.5
Panamá,2017,10 a 12 años,79
Panamá,2017,13 años y más,75.9
Panamá,2017,6 a 9 años,77.6
Panamá,2017,Total,90.6
Panamá,2018,0 a 5 años,77.4
Panamá,2018,10 a 12 años,79
Panamá,2018,13 años y más,76.2
Panamá,2018,6 a 9 años,78.7
Panamá,2018,Total,94.2
Panamá,2019,0 a 5 años,80.1
Panamá,2019,10 a 12 años,82
Panamá,2019,13 años y más,90.5
Panamá,2019,6 a 9 años,80.3
Panamá,2019,Total,101.1
Panamá,2021,0 a 5 años,84.8
Panamá,2021,10 a 12 años,81.5
Panamá,2021,13 años y más,87.2
Panamá,2021,6 a 9 años,86.5
Panamá,2021,Total,100.4
Panamá,2022,0 a 5 años,90.6
Panamá,2022,10 a 12 años,85.7
Panamá,2022,13 años y más,87.8
Panamá,2022,6 a 9 años,83.3
Panamá,2022,Total,101.2
Panamá,2023,0 a 5 años,58.1
Panamá,2023,10 a 12 años,81.9
Panamá,2023,13 años y más,83.9
Panamá,2023,6 a 9 años,82.8
Panamá,2023,Total,98.9
Panamá,2024,0 a 5 años,54
Panamá,2024,10 a 12 años,83.2
Panamá,2024,13 años y más,93.3
Panamá,2024,6 a 9 años,89
Panamá,2024,Total,102.6
Paraguay,2001,0 a 5 años,65.8
Paraguay,2001,10 a 12 años,84.1
Paraguay,2001,13 años y más,66.9
Paraguay,2001,6 a 9 años,80.8
Paraguay,2001,Total,80.5
Paraguay,2002,0 a 5 años,83.5
Paraguay,2002,10 a 12 años,76
Paraguay,2002,13 años y más,64.9
Paraguay,2002,6 a 9 años,77.3
Paraguay,2002,Total,80.7
Paraguay,2003,0 a 5 años,72.7
Paraguay,2003,10 a 12 años,67.7
Paraguay,2003,13 años y más,64.1
Paraguay,2003,6 a 9 años,78.4
Paraguay,2003,Total,75.4
Paraguay,2004,0 a 5 años,73.7
Paraguay,2004,10 a 12 años,85.9
Paraguay,2004,13 años y más,76.3
Paraguay,2004,6 a 9 años,78.3
Paraguay,2004,Total,85.7
Paraguay,2005,0 a 5 años,85.8
Paraguay,2005,10 a 12 años,73.8
Paraguay,2005,13 años y más,73.3
Paraguay,2005,6 a 9 años,69.9
Paraguay,2005,Total,80.5
Paraguay,2006,0 a 5 años,62.9
Paraguay,2006,10 a 12 años,74.8
Paraguay,2006,13 años y más,68.4
Paraguay,2006,6 a 9 años,74
Paraguay,2006,Total,79.4
Paraguay,2007,0 a 5 años,56.7
Paraguay,2007,10 a 12 años,77.6
Paraguay,2007,13 años y más,66.3
Paraguay,2007,6 a 9 años,74.5
Paraguay,2007,Total,77.4
Paraguay,2008,0 a 5 años,69.8
Paraguay,2008,10 a 12 años,68.2
Paraguay,2008,13 años y más,75.4
Paraguay,2008,6 a 9 años,66.3
Paraguay,2008,Total,79
Paraguay,2009,0 a 5 años,76.9
Paraguay,2009,10 a 12 años,73
Paraguay,2009,13 años y más,82.5
Paraguay,2009,6 a 9 años,68.2
Paraguay,2009,Total,82.8
Paraguay,2010,0 a 5 años,83.2
Paraguay,2010,10 a 12 años,80.5
Paraguay,2010,13 años y más,79.8
Paraguay,2010,6 a 9 años,76.1
Paraguay,2010,Total,84.5
Paraguay,2011,0 a 5 años,78.7
Paraguay,2011,10 a 12 años,84.6
Paraguay,2011,13 años y más,75.7
Paraguay,2011,6 a 9 años,69.6
Paraguay,2011,Total,84.8
Paraguay,2012,0 a 5 años,67
Paraguay,2012,10 a 12 años,74.9
Paraguay,2012,13 años y más,79.1
Paraguay,2012,6 a 9 años,73.1
Paraguay,2012,Total,82.7
Paraguay,2013,0 a 5 años,70.7
Paraguay,2013,10 a 12 años,72.9
Paraguay,2013,13 años y más,81.4
Paraguay,2013,6 a 9 años,68.9
Paraguay,2013,Total,85.6
Paraguay,2014,0 a 5 años,62
Paraguay,2014,10 a 12 años,79.7
Paraguay,2014,13 años y más,72
Paraguay,2014,6 a 9 años,70
Paraguay,2014,Total,79.6
Paraguay,2015,0 a 5 años,73.9
Paraguay,2015,10 a 12 años,82.5
Paraguay,2015,13 años y más,87.8
Paraguay,2015,6 a 9 años,76.7
Paraguay,2015,Total,94.8
Paraguay,2016,0 a 5 años,65.4
Paraguay,2016,10 a 12 años,89.2
Paraguay,2016,13 años y más,75.6
Paraguay,2016,6 a 9 años,75.2
Paraguay,2016,Total,88.7
Paraguay,2017,0 a 5 años,69.8
Paraguay,2017,10 a 12 años,84.9
Paraguay,2017,13 años y más,72.3
Paraguay,2017,6 a 9 años,75.1
Paraguay,2017,Total,82.8
Paraguay,2018,0 a 5 años,78.2
Paraguay,2018,10 a 12 años,79.2
Paraguay,2018,13 años y más,84.3
Paraguay,2018,6 a 9 años,71.5
Paraguay,2018,Total,86.4
Paraguay,2019,0 a 5 años,73.7
Paraguay,2019,10 a 12 años,82.8
Paraguay,2019,13 años y más,86.5
Paraguay,2019,6 a 9 años,80.1
Paraguay,2019,Total,91.5
Paraguay,2020,0 a 5 años,75.5
Paraguay,2020,10 a 12 años,86
Paraguay,2020,13 años y más,88.3
Paraguay,2020,6 a 9 años,80.4
Paraguay,2020,Total,95.6
Paraguay,2021,0 a 5 años,75.9
Paraguay,2021,10 a 12 años,83.3
Paraguay,2021,13 años y más,93.7
Paraguay,2021,6 a 9 años,75.7
Paraguay,2021,Total,95.2
Paraguay,2022,0 a 5 años,71.8
Paraguay,2022,10 a 12 años,82.4
Paraguay,2022,13 años y más,83.8
Paraguay,2022,6 a 9 años,88.2
Paraguay,2022,Total,92.9
Paraguay,2023,0 a 5 años,73.6
Paraguay,2023,10 a 12 años,86
Paraguay,2023,13 años y más,89.7
Paraguay,2023,6 a 9 años,83.9
Paraguay,2023,Total,95.8
Paraguay,2024,0 a 5 años,78.6
Paraguay,2024,10 a 12 años,89.7
Paraguay,2024,13 años y más,85.3
Paraguay,2024,6 a 9 años,87.9
Paraguay,2024,Total,96
Perú,2001,0 a 5 años,78.6
Perú,2001,10 a 12 años,82.6
Perú,2001,13 años y más,74.5
Perú,2001,6 a 9 años,80.4
Perú,2001,Total,80.6
Perú,2002,0 a 5 años,74.2
Perú,2002,10 a 12 años,76.2
Perú,2002,13 años y más,80.1
Perú,2002,6 a 9 años,77.8
Perú,2002,Total,84
Perú,2003,0 a 5 años,85.4
Perú,2003,10 a 12 años,82
Perú,2003,13 años y más,68.9
Perú,2003,6 a 9 años,85.2
Perú,2003,Total,78.1
Perú,2004,0 a 5 años,78.4
Perú,2004,10 a 12 años,80.3
Perú,2004,13 años y más,68.9
Perú,2004,6 a 9 años,74.1
Perú,2004,Total,74.2
Perú,2005,0 a 5 años,72.1
Perú,2005,10 a 12 años,77.1
Perú,2005,13 años y más,77.4
Perú,2005,6 a 9 años,71.9
Perú,2005,Total,80.7
Perú,2006,0 a 5 años,71.6
Perú,2006,10 a 12 años,79.6
Perú,2006,13 años y más,82.8
Perú,2006,6 a 9 años,82.8
Perú,2006,Total,85.9
Perú,2007,0 a 5 años,82.2
Perú,2007,10 a 12 años,74
Perú,2007,13 años y más,82.7
Perú,2007,6 a 9 años,72.3
Perú,2007,Total,84
Perú,2008,0 a 5 años,63.8
Perú,2008,10 a 12 años,71.9
Perú,2008,13 años y más,68
Perú,2008,6 a 9 años,69
Perú,2008,Total,71.6
Perú,2009,0 a 5 años,74.3
Perú,2009,10 a 12 años,75.1
Perú,2009,13 años y más,77.9
Perú,2009,6 a 9 años,74.6
Perú,2009,Total,81.3
Perú,2010,0 a 5 años,65.1
Perú,2010,10 a 12 años,69.2
Perú,2010,13 años y más,70.7
Perú,2010,6 a 9 años,63.6
Perú,2010,Total,72.4
Perú,2011,0 a 5 años,72.8
Perú,2011,10 a 12 años,71.5
Perú,2011,13 años y más,73.7
Perú,2011,6 a 9 años,63.8
Perú,2011,Total,74.6
Perú,2012,0 a 5 años,71.4
Perú,2012,10 a 12 años,72.2
Perú,2012,13 años y más,79.6
Perú,2012,6 a 9 años,73.3
Perú,2012,Total,80.2
Perú,2013,0 a 5 años,68.7
Perú,2013,10 a 12 años,72.8
Perú,2013,13 años y más,77.8
Perú,2013,6 a 9 años,72.9
Perú,2013,Total,79
Perú,2014,0 a 5 años,69.1
Perú,2014,10 a 12 años,72.8
Perú,2014,13 años y más,78.8
Perú,2014,6 a 9 años,73.6
Perú,2014,Total,80.3
Perú,2015,0 a 5 años,73.1
Perú,2015,10 a 12 años,69.5
Perú,2015,13 años y más,79.5
Perú,2015,6 a 9 años,74.4
Perú,2015,Total,80
Perú,2016,0 a 5 años,78.1
Perú,2016,10 a 12 años,74
Perú,2016,13 años y más,77.7
Perú,2016,6 a 9 años,76.2
Perú,2016,Total,81
Perú,2017,0 a 5 años,78.3
Perú,2017,10 a 12 años,73.3
Perú,2017,13 años y más,77.8
Perú,2017,6 a 9 años,76.8
Perú,2017,Total,79.8
Perú,2018,0 a 5 años,82.1
Perú,2018,10 a 12 años,72.5
Perú,2018,13 años y más,78.4
Perú,2018,6 a 9 años,79.7
Perú,2018,Total,79
Perú,2019,0 a 5 años,81.6
Perú,2019,10 a 12 años,74.7
Perú,2019,13 años y más,82.6
Perú,2019,6 a 9 años,70.6
Perú,2019,Total,83.2
Perú,2020,0 a 5 años,70.9
Perú,2020,10 a 12 años,78.7
Perú,2020,13 años y más,87.1
Perú,2020,6 a 9 años,75.5
Perú,2020,Total,88.3
Perú,2021,0 a 5 años,79.7
Perú,2021,10 a 12 años,76.4
Perú,2021,13 años y más,84.4
Perú,2021,6 a 9 años,85.5
Perú,2021,Total,86.3
Perú,2022,0 a 5 años,74.8
Perú,2022,10 a 12 años,75.3
Perú,2022,13 años y más,82.4
Perú,2022,6 a 9 años,79
Perú,2022,Total,82.8
Perú,2023,0 a 5 años,84.2
Perú,2023,10 a 12 años,77.6
Perú,2023,13 años y más,81.9
Perú,2023,6 a 9 años,79.3
Perú,2023,Total,84
Perú,2024,0 a 5 años,72.4
Perú,2024,10 a 12 años,75
Perú,2024,13 años y más,83.2
Perú,2024,6 a 9 años,83.1
Perú,2024,Total,84.6
República Dominicana,2000,0 a 5 años,71
República Dominicana,2000,10 a 12 años,70.5
República Dominicana,2000,13 años y más,69.9
República Dominicana,2000,6 a 9 años,66
República Dominicana,2000,Total,79.1
República Dominicana,2001,0 a 5 años,55.9
República Dominicana,2001,10 a 12 años,72.8
República Dominicana,2001,13 años y más,69.9
República Dominicana,2001,6 a 9 años,66.2
República Dominicana,2001,Total,78.6
República Dominicana,2002,0 a 5 años,52.8
República Dominicana,2002,10 a 12 años,83.9
República Dominicana,2002,13 años y más,85.2
República Dominicana,2002,6 a 9 años,69.6
República Dominicana,2002,Total,86.4
República Dominicana,2003,0 a 5 años,65.4
República Dominicana,2003,10 a 12 años,74.4
República Dominicana,2003,13 años y más,66.5
República Dominicana,2003,6 a 9 años,65.4
República Dominicana,2003,Total,79.1
República Dominicana,2004,0 a 5 años,67.8
República Dominicana,2004,10 a 12 años,58.5
República Dominicana,2004,13 años y más,69.9
República Dominicana,2004,6 a 9 años,69.3
República Dominicana,2004,Total,77.5
República Dominicana,2005,0 a 5 años,64.5
República Dominicana,2005,10 a 12 años,67.8
República Dominicana,2005,13 años y más,92.5
República Dominicana,2005,6 a 9 años,65.8
República Dominicana,2005,Total,89
República Dominicana,2006,0 a 5 años,70.5
República Dominicana,2006,10 a 12 años,77
República Dominicana,2006,13 años y más,70.2
República Dominicana,2006,6 a 9 años,64.6
República Dominicana,2006,Total,82.4
República Dominicana,2007,0 a 5 años,78.1
República Dominicana,2007,10 a 12 años,70.5
República Dominicana,2007,13 años y más,78.8
República Dominicana,2007,6 a 9 años,64.8
República Dominicana,2007,Total,85.8
República Dominicana,2008,0 a 5 años,65.8
República Dominicana,2008,10 a 12 años,73.5
República Dominicana,2008,13 años y más,68.5
República Dominicana,2008,6 a 9 años,66.6
República Dominicana,2008,Total,75.7
República Dominicana,2009,0 a 5 años,71.5
República Dominicana,2009,10 a 12 años,61.1
República Dominicana,2009,13 años y más,74.1
República Dominicana,2009,6 a 9 años,65.8
República Dominicana,2009,Total,78.3
República Dominicana,2010,0 a 5 años,75.1
República Dominicana,2010,10 a 12 años,67.2
República Dominicana,2010,13 años y más,76.7
República Dominicana,2010,6 a 9 años,66.1
República Dominicana,2010,Total,83.4
República Dominicana,2011,0 a 5 años,62.7
República Dominicana,2011,10 a 12 años,72.6
República Dominicana,2011,13 años y más,82.3
República Dominicana,2011,6 a 9 años,66.7
República Dominicana,2011,Total,89.3
República Dominicana,2012,0 a 5 años,100.7
República Dominicana,2012,10 a 12 años,63.8
República Dominicana,2012,13 años y más,80.6
República Dominicana,2012,6 a 9 años,68.4
República Dominicana,2012,Total,85.1
República Dominicana,2013,0 a 5 años,83.6
República Dominicana,2013,10 a 12 años,75.9
República Dominicana,2013,13 años y más,91.4
República Dominicana,2013,6 a 9 años,69.8
República Dominicana,2013,Total,94.2
República Dominicana,2014,0 a 5 años,76
República Dominicana,2014,10 a 12 años,80.4
República Dominicana,2014,13 años y más,80.8
República Dominicana,2014,6 a 9 años,68.2
República Dominicana,2014,Total,88.7
República Dominicana,2015,0 a 5 años,110.9
República Dominicana,2015,10 a 12 años,73.7
República Dominicana,2015,13 años y más,90.3
República Dominicana,2015,6 a 9 años,70.9
República Dominicana,2015,Total,95.7
República Dominicana,2016,0 a 5 años,77.3
República Dominicana,2016,10 a 12 años,76.2
República Dominicana,2016,13 años y más,96.5
República Dominicana,2016,6 a 9 años,75.1
República Dominicana,2016,Total,98.5
República Dominicana,2017,0 a 5 años,82
República Dominicana,2017,10 a 12 años,73
República Dominicana,2017,13 años y más,88.3
República Dominicana,2017,6 a 9 años,75.2
República Dominicana,2017,Total,93.9
República Dominicana,2018,0 a 5 años,73.6
República Dominicana,2018,10 a 12 años,73.8
República Dominicana,2018,13 años y más,91.9
República Dominicana,2018,6 a 9 años,71.4
República Dominicana,2018,Total,94.9
República Dominicana,2019,0 a 5 años,78.9
República Dominicana,2019,10 a 12 años,72
República Dominicana,2019,13 años y más,84
República Dominicana,2019,6 a 9 años,73.8
República Dominicana,2019,Total,91.5
República Dominicana,2020,0 a 5 años,79.8
República Dominicana,2020,10 a 12 años,73.2
República Dominicana,2020,13 años y más,90.9
República Dominicana,2020,6 a 9 años,72.1
República Dominicana,2020,Total,94
República Dominicana,2021,0 a 5 años,78.9
República Dominicana,2021,10 a 12 años,75.2
República Dominicana,2021,13 años y más,89.3
República Dominicana,2021,6 a 9 años,76.3
República Dominicana,2021,Total,93.3
República Dominicana,2022,0 a 5 años,88.7
República Dominicana,2022,10 a 12 años,74.1
República Dominicana,2022,13 años y más,86.1
República Dominicana,2022,6 a 9 años,76.4
República Dominicana,2022,Total,90.7
República Dominicana,2023,0 a 5 años,77.9
República Dominicana,2023,10 a 12 años,79.5
República Dominicana,2023,13 años y más,87.2
República Dominicana,2023,6 a 9 años,68.5
República Dominicana,2023,Total,91.9
República Dominicana,2024,0 a 5 años,81.6
República Dominicana,2024,10 a 12 años,73.2
República Dominicana,2024,13 años y más,87.4
República Dominicana,2024,6 a 9 años,71
República Dominicana,2024,Total,90.6
Uruguay,2000,0 a 5 años,75.8
Uruguay,2000,10 a 12 años,73.1
Uruguay,2000,13 años y más,69.5
Uruguay,2000,6 a 9 años,69.7
Uruguay,2000,Total,82.6
Uruguay,2001,0 a 5 años,79.2
Uruguay,2001,10 a 12 años,70.7
Uruguay,2001,13 años y más,67
Uruguay,2001,6 a 9 años,74.2
Uruguay,2001,Total,82.3
Uruguay,2002,0 a 5 años,87.8
Uruguay,2002,10 a 12 años,75.8
Uruguay,2002,13 años y más,64.6
Uruguay,2002,6 a 9 años,75.9
Uruguay,2002,Total,84
Uruguay,2003,0 a 5 años,72.8
Uruguay,2003,10 a 12 años,71.6
Uruguay,2003,13 años y más,66.6
Uruguay,2003,6 a 9 años,74.8
Uruguay,2003,Total,81.7
Uruguay,2004,0 a 5 años,76.3
Uruguay,2004,10 a 12 años,70.7
Uruguay,2004,13 años y más,62.7
Uruguay,2004,6 a 9 años,74.8
Uruguay,2004,Total,81.3
Uruguay,2005,0 a 5 años,73.8
Uruguay,2005,10 a 12 años,74.7
Uruguay,2005,13 años y más,69.5
Uruguay,2005,6 a 9 años,78.8
Uruguay,2005,Total,86.5
Uruguay,2007,0 a 5 años,58.3
Uruguay,2007,10 a 12 años,78
Uruguay,2007,13 años y más,73.9
Uruguay,2007,6 a 9 años,73.5
Uruguay,2007,Total,85.7
Uruguay,2008,0 a 5 años,66.2
Uruguay,2008,10 a 12 años,70.8
Uruguay,2008,13 años y más,66.2
Uruguay,2008,6 a 9 años,65.8
Uruguay,2008,Total,81.1
Uruguay,2009,0 a 5 años,59.8
Uruguay,2009,10 a 12 años,70.1
Uruguay,2009,13 años y más,69.9
Uruguay,2009,6 a 9 años,63.6
Uruguay,2009,Total,82.7
Uruguay,2010,0 a 5 años,58.5
Uruguay,2010,10 a 12 años,70
Uruguay,2010,13 años y más,73.3
Uruguay,2010,6 a 9 años,63.8
Uruguay,2010,Total,82.3
Uruguay,2011,0 a 5 años,57.5
Uruguay,2011,10 a 12 años,72.9
Uruguay,2011,13 años y más,76.6
